datetime,aqi
1575158400,"[73, 101]"
1575162000,"[73, 99]"
1575165600,"[73, 100]"
1575169200,"[73, 117]"
1575172800,"[71, 127]"
1575176400,"[67, 131]"
1575180000,"[65, 138]"
1575183600,"[63, 145]"
1575187200,"[60, 144]"
1575190800,"[56, 132]"
1575194400,"[42, 116]"
1575198000,"[28, 102]"
1575201600,"[25, 98]"
1575205200,"[24, 97]"
1575208800,"[24, 98]"
1575212400,"[25, 98]"
1575216000,"[26, 97]"
1575219600,"[27, 97]"
1575223200,"[26, 97]"
1575226800,"[25, 96]"
1575230400,"[24, 96]"
1575234000,"[25, 95]"
1575237600,"[25, 95]"
1575241200,"[24, 93]"
1575244800,"[22, 92]"
1575248400,"[23, 89]"
1575252000,"[22, 74]"
1575255600,"[20, 56]"
1575259200,"[17, 44]"
1575262800,"[15, 36]"
1575266400,"[13, 27]"
1575270000,"[10, 21]"
1575273600,"[6, 16]"
1575277200,"[3, 12]"
1575280800,"[2, 10]"
1575284400,"[3, 9]"
1575291600,"[5, 9]"
1575295200,"[5, 10]"
1575298800,"[6, 9]"
1575302400,"[6, 9]"
1575306000,"[5, 10]"
1575309600,"[6, 11]"
1575313200,"[7, 11]"
1575316800,"[7, 10]"
1575320400,"[7, 11]"
1575324000,"[8, 11]"
1575327600,"[8, 11]"
1575331200,"[8, 11]"
1575334800,"[9, 11]"
1575338400,"[11, 12]"
1575342000,"[10, 13]"
1575345600,"[11, 14]"
1575349200,"[12, 14]"
1575352800,"[14, 15]"
1575356400,"[14, 16]"
1575360000,"[13, 16]"
1575367200,"[11, 15]"
1575370800,"[11, 15]"
1575374400,"[13, 15]"
1575378000,"[13, 15]"
1575381600,"[15, 17]"
1575385200,"[14, 23]"
1575388800,"[14, 24]"
1575392400,"[14, 24]"
1575396000,"[13, 24]"
1575399600,"[13, 24]"
1575403200,"[13, 24]"
1575406800,"[13, 24]"
1575410400,"[13, 24]"
1575414000,"[12, 24]"
1575417600,"[12, 23]"
1575421200,"[13, 22]"
1575424800,"[14, 23]"
1575428400,"[14, 23]"
1575432000,"[15, 23]"
1575435600,"[15, 24]"
1575439200,"[15, 23]"
1575442800,"[16, 24]"
1575446400,"[17, 25]"
1575450000,"[18, 25]"
1575453600,"[19, 25]"
1575460800,"[19, 26]"
1575464400,"[19, 25]"
1575468000,"[18, 24]"
1575471600,"[18, 19]"
1575475200,"[17, 19]"
1575478800,"[17, 19]"
1575482400,"[17, 20]"
1575486000,"[17, 20]"
1575489600,"[18, 20]"
1575493200,"[18, 21]"
1575496800,"[18, 21]"
1575500400,"[18, 23]"
1575504000,"[19, 23]"
1575507600,"[19, 23]"
1575511200,"[19, 23]"
1575514800,"[19, 23]"
1575518400,"[19, 22]"
1575522000,"[18, 22]"
1575525600,"[18, 22]"
1575529200,"[18, 22]"
1575532800,"[17, 21]"
1575536400,"[17, 21]"
1575540000,"[17, 21]"
1575543600,"[17, 20]"
1575547200,"[16, 20]"
1575550800,"[17, 18]"
1575554400,"[16, 18]"
1575558000,"[17, 18]"
1575561600,"[16, 18]"
1575565200,"[15, 18]"
1575568800,"[16, 19]"
1575572400,"[15, 19]"
1575576000,"[15, 18]"
1575579600,"[15, 17]"
1575583200,"[15, 16]"
1575586800,"[15, 16]"
1575590400,"[14, 16]"
1575594000,"[14, 15]"
1575597600,"[15, 15]"
1575601200,"[15, 16]"
1575604800,"[15, 15]"
1575608400,"[16, 16]"
1575612000,"[15, 16]"
1575615600,"[14, 17]"
1575619200,"[14, 19]"
1575622800,"[14, 19]"
1575626400,"[13, 19]"
1575630000,"[14, 19]"
1575633600,"[13, 18]"
1575637200,"[13, 17]"
1575640800,"[14, 17]"
1575644400,"[13, 17]"
1575648000,"[13, 17]"
1575651600,"[12, 17]"
1575655200,"[13, 17]"
1575658800,"[13, 17]"
1575662400,"[13, 17]"
1575666000,"[12, 18]"
1575669600,"[13, 18]"
1575673200,"[13, 18]"
1575676800,"[13, 18]"
1575680400,"[14, 18]"
1575684000,"[14, 17]"
1575687600,"[14, 17]"
1575691200,"[14, 18]"
1575694800,"[14, 19]"
1575698400,"[14, 19]"
1575702000,"[15, 21]"
1575705600,"[15, 21]"
1575709200,"[14, 20]"
1575712800,"[14, 20]"
1575716400,"[13, 19]"
1575720000,"[13, 18]"
1575723600,"[13, 17]"
1575727200,"[13, 15]"
1575730800,"[13, 15]"
1575734400,"[13, 15]"
1575738000,"[14, 15]"
1575741600,"[14, 15]"
1575745200,"[13, 16]"
1575748800,"[16, 16]"
1575752400,"[24, 58]"
1575756000,"[65, 100]"
1575759600,"[107, 132]"
1575763200,"[140, 159]"
1575766800,"[156, 214]"
1575770400,"[161, 261]"
1575774000,"[165, 279]"
1575777600,"[167, 282]"
1575781200,"[170, 284]"
1575784800,"[173, 286]"
1575788400,"[175, 290]"
1575792000,"[183, 298]"
1575795600,"[200, 318]"
1575799200,"[224, 346]"
1575802800,"[256, 380]"
1575806400,"[286, 404]"
1575810000,"[310, 428]"
1575813600,"[329, 449]"
1575817200,"[345, 465]"
1575820800,"[359, 480]"
1575824400,"[377, 508]"
1575828000,"[393, 539]"
1575831600,"[411, 574]"
1575835200,"[432, 600]"
1575838800,"[422, 596]"
1575842400,"[397, 572]"
1575846000,"[376, 546]"
1575849600,"[362, 512]"
1575853200,"[361, 467]"
1575856800,"[366, 431]"
1575860400,"[371, 423]"
1575864000,"[375, 431]"
1575867600,"[381, 440]"
1575871200,"[387, 449]"
1575874800,"[393, 459]"
1575878400,"[404, 466]"
1575882000,"[409, 464]"
1575885600,"[410, 457]"
1575889200,"[412, 448]"
1575892800,"[420, 458]"
1575896400,"[424, 466]"
1575900000,"[426, 470]"
1575903600,"[426, 473]"
1575907200,"[422, 471]"
1575910800,"[413, 465]"
1575914400,"[407, 464]"
1575918000,"[387, 462]"
1575921600,"[373, 458]"
1575925200,"[364, 450]"
1575928800,"[363, 443]"
1575932400,"[361, 440]"
1575936000,"[363, 442]"
1575939600,"[364, 445]"
1575943200,"[364, 449]"
1575946800,"[368, 451]"
1575950400,"[371, 455]"
1575954000,"[371, 457]"
1575957600,"[370, 457]"
1575961200,"[368, 453]"
1575964800,"[364, 444]"
1575968400,"[359, 432]"
1575972000,"[346, 413]"
1575975600,"[322, 383]"
1575979200,"[294, 348]"
1575982800,"[268, 317]"
1575986400,"[247, 299]"
1575990000,"[232, 283]"
1575993600,"[224, 272]"
1575997200,"[216, 261]"
1576000800,"[206, 247]"
1576004400,"[202, 234]"
1576008000,"[215, 252]"
1576011600,"[205, 293]"
1576015200,"[193, 311]"
1576018800,"[182, 318]"
1576022400,"[170, 311]"
1576026000,"[159, 300]"
1576029600,"[148, 289]"
1576033200,"[137, 279]"
1576036800,"[126, 272]"
1576040400,"[116, 264]"
1576044000,"[106, 256]"
1576047600,"[95, 248]"
1576051200,"[84, 240]"
1576054800,"[74, 234]"
1576058400,"[65, 238]"
1576062000,"[61, 249]"
1576065600,"[67, 264]"
1576069200,"[80, 285]"
1576072800,"[93, 297]"
1576076400,"[100, 303]"
1576080000,"[99, 305]"
1576083600,"[99, 308]"
1576087200,"[101, 311]"
1576090800,"[103, 315]"
1576094400,"[105, 304]"
1576098000,"[107, 267]"
1576101600,"[109, 244]"
1576105200,"[110, 229]"
1576108800,"[112, 227]"
1576112400,"[113, 226]"
1576116000,"[113, 224]"
1576119600,"[113, 221]"
1576123200,"[113, 216]"
1576126800,"[112, 214]"
1576130400,"[111, 210]"
1576134000,"[110, 210]"
1576137600,"[110, 209]"
1576141200,"[110, 205]"
1576144800,"[109, 194]"
1576148400,"[105, 179]"
1576152000,"[97, 161]"
1576155600,"[85, 142]"
1576159200,"[74, 129]"
1576162800,"[68, 125]"
1576166400,"[68, 124]"
1576170000,"[71, 124]"
1576173600,"[88, 127]"
1576177200,"[100, 140]"
1576180800,"[101, 128]"
1576184400,"[103, 136]"
1576188000,"[111, 141]"
1576191600,"[116, 155]"
1576195200,"[120, 167]"
1576198800,"[126, 170]"
1576202400,"[134, 170]"
1576206000,"[137, 169]"
1576209600,"[138, 169]"
1576213200,"[139, 169]"
1576216800,"[141, 170]"
1576220400,"[143, 169]"
1576224000,"[144, 170]"
1576227600,"[146, 172]"
1576231200,"[147, 175]"
1576234800,"[150, 180]"
1576238400,"[153, 185]"
1576242000,"[156, 191]"
1576245600,"[161, 196]"
1576249200,"[166, 201]"
1576252800,"[170, 205]"
1576256400,"[168, 210]"
1576260000,"[153, 199]"
1576263600,"[140, 178]"
1576267200,"[134, 169]"
1576270800,"[130, 158]"
1576274400,"[121, 149]"
1576278000,"[114, 133]"
1576281600,"[101, 120]"
1576285200,"[99, 120]"
1576288800,"[101, 126]"
1576292400,"[101, 131]"
1576296000,"[104, 133]"
1576299600,"[106, 135]"
1576303200,"[107, 137]"
1576306800,"[109, 137]"
1576310400,"[110, 134]"
1576314000,"[111, 133]"
1576317600,"[111, 131]"
1576321200,"[109, 126]"
1576324800,"[105, 119]"
1576328400,"[97, 110]"
1576332000,"[89, 101]"
1576335600,"[85, 92]"
1576339200,"[81, 89]"
1576342800,"[77, 85]"
1576346400,"[74, 81]"
1576350000,"[73, 78]"
1576353600,"[74, 85]"
1576357200,"[83, 93]"
1576360800,"[96, 108]"
1576364400,"[103, 118]"
1576368000,"[105, 129]"
1576371600,"[104, 140]"
1576375200,"[101, 145]"
1576378800,"[99, 145]"
1576382400,"[101, 145]"
1576386000,"[101, 145]"
1576389600,"[102, 147]"
1576393200,"[103, 150]"
1576396800,"[105, 152]"
1576400400,"[107, 154]"
1576404000,"[107, 156]"
1576407600,"[109, 157]"
1576411200,"[109, 157]"
1576414800,"[110, 158]"
1576418400,"[110, 159]"
1576422000,"[110, 158]"
1576425600,"[110, 158]"
1576429200,"[110, 158]"
1576432800,"[109, 158]"
1576436400,"[109, 152]"
1576440000,"[110, 143]"
1576443600,"[98, 132]"
1576447200,"[82, 121]"
1576450800,"[72, 106]"
1576454400,"[67, 91]"
1576458000,"[61, 77]"
1576461600,"[57, 71]"
1576465200,"[53, 67]"
1576468800,"[48, 63]"
1576472400,"[42, 60]"
1576476000,"[39, 55]"
1576479600,"[34, 51]"
1576483200,"[28, 52]"
1576486800,"[22, 53]"
1576490400,"[17, 52]"
1576494000,"[13, 51]"
1576497600,"[12, 51]"
1576501200,"[12, 49]"
1576504800,"[12, 47]"
1576508400,"[13, 51]"
1576512000,"[14, 56]"
1576515600,"[34, 64]"
1576519200,"[60, 66]"
1576522800,"[66, 83]"
1576526400,"[66, 101]"
1576530000,"[65, 114]"
1576533600,"[64, 122]"
1576537200,"[64, 128]"
1576540800,"[62, 133]"
1576544400,"[63, 139]"
1576548000,"[69, 149]"
1576551600,"[76, 166]"
1576555200,"[80, 189]"
1576558800,"[84, 206]"
1576562400,"[87, 221]"
1576566000,"[89, 238]"
1576569600,"[86, 248]"
1576573200,"[82, 253]"
1576576800,"[79, 256]"
1576580400,"[76, 258]"
1576584000,"[76, 261]"
1576587600,"[76, 264]"
1576591200,"[78, 267]"
1576594800,"[77, 270]"
1576598400,"[75, 270]"
1576602000,"[79, 254]"
1576605600,"[135, 257]"
1576609200,"[192, 311]"
1576612800,"[231, 354]"
1576616400,"[263, 413]"
1576620000,"[292, 492]"
1576623600,"[327, 558]"
1576627200,"[362, 613]"
1576630800,"[395, 661]"
1576634400,"[420, 701]"
1576638000,"[444, 728]"
1576641600,"[470, 746]"
1576645200,"[497, 768]"
1576648800,"[522, 788]"
1576652400,"[545, 802]"
1576656000,"[546, 817]"
1576659600,"[554, 835]"
1576663200,"[562, 849]"
1576666800,"[567, 857]"
1576670400,"[572, 863]"
1576674000,"[577, 869]"
1576677600,"[582, 874]"
1576681200,"[586, 880]"
1576684800,"[591, 886]"
1576688400,"[589, 891]"
1576692000,"[533, 870]"
1576695600,"[486, 800]"
1576699200,"[460, 748]"
1576702800,"[436, 685]"
1576706400,"[400, 605]"
1576710000,"[362, 541]"
1576713600,"[328, 487]"
1576717200,"[297, 442]"
1576720800,"[267, 401]"
1576724400,"[242, 367]"
1576728000,"[224, 343]"
1576731600,"[213, 320]"
1576735200,"[209, 299]"
1576738800,"[210, 276]"
1576742400,"[216, 252]"
1576746000,"[215, 254]"
1576749600,"[207, 232]"
1576753200,"[210, 221]"
1576756800,"[200, 216]"
1576760400,"[197, 217]"
1576764000,"[196, 218]"
1576767600,"[194, 217]"
1576771200,"[193, 217]"
1576774800,"[189, 215]"
1576778400,"[186, 211]"
1576782000,"[215, 217]"
1576785600,"[214, 308]"
1576789200,"[206, 386]"
1576792800,"[207, 432]"
1576796400,"[228, 466]"
1576800000,"[249, 515]"
1576803600,"[264, 564]"
1576807200,"[271, 597]"
1576810800,"[276, 643]"
1576814400,"[279, 691]"
1576818000,"[282, 735]"
1576821600,"[281, 778]"
1576825200,"[280, 826]"
1576828800,"[289, 911]"
1576832400,"[332, 970]"
1576836000,"[378, 983]"
1576839600,"[411, 980]"
1576843200,"[436, 1007]"
1576846800,"[462, 1032]"
1576850400,"[479, 1049]"
1576854000,"[499, 1066]"
1576857600,"[512, 1079]"
1576861200,"[518, 1083]"
1576864800,"[570, 1096]"
1576868400,"[637, 1136]"
1576872000,"[706, 1177]"
1576875600,"[771, 1188]"
1576879200,"[825, 1216]"
1576882800,"[858, 1258]"
1576886400,"[885, 1278]"
1576890000,"[917, 1304]"
1576893600,"[952, 1341]"
1576897200,"[990, 1358]"
1576900800,"[1028, 1376]"
1576904400,"[1064, 1396]"
1576908000,"[1073, 1413]"
1576911600,"[1081, 1420]"
1576915200,"[1090, 1396]"
1576918800,"[1092, 1359]"
1576922400,"[1105, 1361]"
1576926000,"[1112, 1370]"
1576929600,"[1115, 1371]"
1576933200,"[1108, 1359]"
1576936800,"[1099, 1347]"
1576940400,"[1090, 1333]"
1576944000,"[1078, 1321]"
1576947600,"[1069, 1316]"
1576951200,"[1029, 1303]"
1576954800,"[965, 1232]"
1576958400,"[923, 1164]"
1576962000,"[889, 1155]"
1576965600,"[856, 1158]"
1576969200,"[858, 1165]"
1576972800,"[851, 1174]"
1576976400,"[828, 1167]"
1576980000,"[792, 1135]"
1576983600,"[747, 1086]"
1576987200,"[704, 1031]"
1576990800,"[658, 981]"
1576994400,"[611, 938]"
1576998000,"[570, 894]"
1577001600,"[527, 850]"
1577005200,"[481, 813]"
1577008800,"[436, 772]"
1577016000,"[390, 705]"
1577019600,"[382, 694]"
1577023200,"[383, 692]"
1577026800,"[385, 697]"
1577030400,"[387, 705]"
1577034000,"[391, 710]"
1577037600,"[392, 713]"
1577041200,"[392, 715]"
1577044800,"[371, 697]"
1577048400,"[360, 647]"
1577052000,"[348, 594]"
1577055600,"[284, 548]"
1577059200,"[225, 502]"
1577062800,"[186, 470]"
1577066400,"[167, 433]"
1577070000,"[165, 397]"
1577073600,"[165, 360]"
1577077200,"[165, 326]"
1577080800,"[163, 300]"
1577084400,"[160, 276]"
1577088000,"[161, 263]"
1577091600,"[159, 250]"
1577095200,"[158, 238]"
1577098800,"[155, 225]"
1577102400,"[150, 212]"
1577106000,"[144, 205]"
1577109600,"[133, 206]"
1577113200,"[128, 206]"
1577116800,"[125, 205]"
1577120400,"[125, 206]"
1577124000,"[130, 209]"
1577127600,"[135, 216]"
1577131200,"[141, 222]"
1577134800,"[170, 245]"
1577138400,"[225, 300]"
1577142000,"[269, 366]"
1577145600,"[293, 422]"
1577149200,"[308, 456]"
1577152800,"[319, 478]"
1577156400,"[328, 491]"
1577160000,"[332, 501]"
1577163600,"[332, 506]"
1577167200,"[342, 514]"
1577170800,"[356, 524]"
1577174400,"[369, 533]"
1577178000,"[380, 526]"
1577181600,"[386, 518]"
1577185200,"[383, 522]"
1577188800,"[382, 528]"
1577192400,"[385, 536]"
1577196000,"[404, 550]"
1577199600,"[417, 564]"
1577203200,"[425, 573]"
1577206800,"[429, 577]"
1577210400,"[427, 576]"
1577214000,"[419, 575]"
1577217600,"[410, 580]"
1577221200,"[369, 564]"
1577224800,"[317, 515]"
1577228400,"[271, 456]"
1577232000,"[238, 404]"
1577235600,"[223, 370]"
1577239200,"[211, 349]"
1577242800,"[195, 335]"
1577246400,"[182, 323]"
1577250000,"[178, 312]"
1577253600,"[174, 298]"
1577257200,"[169, 283]"
1577260800,"[163, 271]"
1577264400,"[159, 260]"
1577268000,"[156, 251]"
1577271600,"[145, 243]"
1577275200,"[135, 231]"
1577278800,"[128, 216]"
1577282400,"[120, 197]"
1577286000,"[111, 179]"
1577289600,"[108, 167]"
1577293200,"[106, 160]"
1577296800,"[106, 155]"
1577300400,"[113, 153]"
1577304000,"[120, 145]"
1577307600,"[122, 137]"
1577311200,"[139, 143]"
1577314800,"[154, 159]"
1577318400,"[157, 173]"
1577322000,"[164, 188]"
1577325600,"[171, 201]"
1577329200,"[177, 211]"
1577332800,"[186, 219]"
1577336400,"[194, 228]"
1577340000,"[202, 237]"
1577343600,"[211, 248]"
1577347200,"[222, 256]"
1577350800,"[231, 263]"
1577354400,"[241, 265]"
1577358000,"[249, 271]"
1577361600,"[257, 277]"
1577365200,"[262, 281]"
1577368800,"[269, 284]"
1577372400,"[274, 285]"
1577376000,"[277, 285]"
1577379600,"[280, 285]"
1577383200,"[285, 286]"
1577386800,"[296, 299]"
1577390400,"[296, 310]"
1577394000,"[289, 321]"
1577397600,"[273, 321]"
1577401200,"[263, 307]"
1577404800,"[262, 293]"
1577408400,"[259, 280]"
1577412000,"[251, 268]"
1577415600,"[241, 259]"
1577419200,"[233, 253]"
1577422800,"[224, 246]"
1577426400,"[217, 239]"
1577430000,"[211, 229]"
1577433600,"[206, 225]"
1577437200,"[202, 226]"
1577440800,"[198, 232]"
1577444400,"[198, 234]"
1577448000,"[200, 235]"
1577451600,"[202, 237]"
1577455200,"[202, 238]"
1577458800,"[196, 239]"
1577462400,"[192, 238]"
1577466000,"[187, 236]"
1577469600,"[178, 233]"
1577473200,"[170, 216]"
1577476800,"[179, 220]"
1577480400,"[202, 244]"
1577484000,"[227, 281]"
1577487600,"[247, 324]"
1577491200,"[277, 369]"
1577494800,"[325, 412]"
1577498400,"[373, 457]"
1577502000,"[421, 500]"
1577505600,"[463, 539]"
1577509200,"[504, 579]"
1577512800,"[547, 618]"
1577516400,"[581, 662]"
1577520000,"[614, 701]"
1577523600,"[645, 735]"
1577527200,"[666, 757]"
1577530800,"[675, 770]"
1577534400,"[680, 776]"
1577538000,"[682, 777]"
1577541600,"[682, 776]"
1577545200,"[681, 774]"
1577548800,"[678, 771]"
1577552400,"[674, 769]"
1577556000,"[673, 770]"
1577559600,"[671, 775]"
1577563200,"[649, 757]"
1577566800,"[626, 727]"
1577570400,"[597, 688]"
1577574000,"[563, 665]"
1577577600,"[528, 667]"
1577581200,"[487, 658]"
1577584800,"[452, 647]"
1577588400,"[422, 633]"
1577592000,"[405, 612]"
1577595600,"[394, 586]"
1577599200,"[384, 558]"
1577602800,"[367, 524]"
1577606400,"[343, 495]"
1577610000,"[320, 472]"
1577613600,"[308, 458]"
1577617200,"[305, 450]"
1577620800,"[305, 447]"
1577624400,"[304, 444]"
1577628000,"[303, 443]"
1577631600,"[301, 434]"
1577635200,"[301, 427]"
1577638800,"[301, 422]"
1577642400,"[299, 424]"
1577646000,"[297, 429]"
1577649600,"[298, 438]"
1577653200,"[301, 438]"
1577656800,"[307, 436]"
1577660400,"[324, 421]"
1577664000,"[347, 393]"
1577667600,"[358, 382]"
1577671200,"[327, 407]"
1577674800,"[306, 430]"
1577678400,"[298, 451]"
1577682000,"[292, 465]"
1577685600,"[284, 476]"
1577689200,"[281, 483]"
1577692800,"[277, 483]"
1577696400,"[281, 484]"
1577700000,"[292, 498]"
1577703600,"[312, 517]"
1577707200,"[312, 520]"
1577710800,"[309, 513]"
1577714400,"[299, 507]"
1577718000,"[301, 501]"
1577721600,"[293, 498]"
1577725200,"[283, 494]"
1577728800,"[273, 490]"
1577732400,"[269, 485]"
1577736000,"[262, 478]"
1577739600,"[256, 470]"
1577743200,"[250, 462]"
1577746800,"[242, 438]"
1577750400,"[235, 404]"
1577754000,"[227, 368]"
1577757600,"[219, 332]"
1577761200,"[210, 297]"
1577764800,"[199, 265]"
1577768400,"[190, 239]"
1577772000,"[182, 215]"
1577775600,"[173, 193]"
1577779200,"[163, 172]"
1577782800,"[141, 150]"
1577786400,"[107, 118]"
1577790000,"[77, 87]"
1577793600,"[66, 74]"
1577797200,"[62, 73]"
1577800800,"[65, 80]"
1577804400,"[61, 91]"
1577808000,"[69, 100]"
1577811600,"[82, 107]"
1577815200,"[87, 112]"
1577818800,"[94, 115]"
1577822400,"[107, 192]"
1577826000,"[109, 395]"
1577829600,"[388, 624]"
1577833200,"[403, 927]"
1577836800,"[587, 1231]"
1577840400,"[612, 1550]"
1577844000,"[638, 1859]"
1577847600,"[668, 2155]"
1577851200,"[701, 2442]"
1577854800,"[739, 2734]"
1577858400,"[2198, 3026]"
1577862000,"[2384, 3314]"
1577865600,"[2577, 3589]"
1577869200,"[2771, 3869]"
1577872800,"[2955, 4091]"
1577876400,"[3118, 4250]"
1577880000,"[3247, 4394]"
1577883600,"[3359, 4531]"
1577887200,"[3463, 4650]"
1577890800,"[3566, 4758]"
1577894400,"[3664, 4845]"
1577898000,"[3721, 4904]"
1577901600,"[3769, 4998]"
1577905200,"[3838, 5109]"
1577908800,"[3766, 5185]"
1577912400,"[3592, 5129]"
1577916000,"[3416, 4976]"
1577919600,"[3307, 4788]"
1577923200,"[3228, 4586]"
1577926800,"[3122, 4368]"
1577930400,"[3004, 4154]"
1577934000,"[2897, 3947]"
1577937600,"[2787, 3756]"
1577941200,"[2666, 3557]"
1577944800,"[2665, 3363]"
1577948400,"[2555, 3174]"
1577952000,"[2461, 2995]"
1577955600,"[2396, 2822]"
1577959200,"[2318, 2723]"
1577962800,"[2240, 2665]"
1577966400,"[2182, 2596]"
1577970000,"[2126, 2533]"
1577973600,"[2060, 2474]"
1577977200,"[1980, 2420]"
1577980800,"[1927, 2379]"
1577984400,"[1917, 2365]"
1577988000,"[1919, 2315]"
1577991600,"[1899, 2258]"
1577995200,"[1875, 2209]"
1577998800,"[1833, 2142]"
1578002400,"[1779, 2073]"
1578006000,"[1729, 2019]"
1578009600,"[1677, 1979]"
1578013200,"[1634, 1964]"
1578016800,"[1588, 1966]"
1578020400,"[1521, 1964]"
1578024000,"[1443, 1921]"
1578027600,"[1367, 1872]"
1578031200,"[1293, 1822]"
1578034800,"[1219, 1758]"
1578038400,"[1144, 1681]"
1578042000,"[1070, 1594]"
1578045600,"[996, 1491]"
1578049200,"[917, 1405]"
1578052800,"[848, 1345]"
1578056400,"[792, 1286]"
1578060000,"[758, 1240]"
1578063600,"[735, 1188]"
1578067200,"[702, 1151]"
1578070800,"[666, 1110]"
1578074400,"[632, 1065]"
1578078000,"[594, 1009]"
1578081600,"[564, 940]"
1578085200,"[530, 874]"
1578088800,"[505, 817]"
1578092400,"[496, 782]"
1578096000,"[492, 752]"
1578099600,"[491, 697]"
1578103200,"[487, 631]"
1578106800,"[483, 565]"
1578110400,"[481, 544]"
1578114000,"[478, 555]"
1578117600,"[460, 557]"
1578121200,"[438, 555]"
1578124800,"[437, 562]"
1578128400,"[439, 566]"
1578132000,"[439, 560]"
1578135600,"[435, 554]"
1578139200,"[423, 545]"
1578142800,"[403, 533]"
1578146400,"[388, 521]"
1578150000,"[380, 512]"
1578153600,"[365, 510]"
1578157200,"[356, 507]"
1578160800,"[356, 503]"
1578164400,"[351, 501]"
1578168000,"[352, 499]"
1578171600,"[347, 495]"
1578175200,"[422, 536]"
1578178800,"[548, 732]"
1578182400,"[637, 1033]"
1578186000,"[733, 1412]"
1578189600,"[821, 1752]"
1578193200,"[906, 1896]"
1578196800,"[975, 2060]"
1578200400,"[1037, 2210]"
1578204000,"[1093, 2380]"
1578207600,"[1155, 2577]"
1578211200,"[1228, 2726]"
1578214800,"[1341, 2847]"
1578218400,"[1412, 2946]"
1578222000,"[1530, 3045]"
1578225600,"[1655, 3153]"
1578229200,"[1818, 3286]"
1578232800,"[1954, 3404]"
1578236400,"[2085, 3551]"
1578240000,"[2234, 3711]"
1578243600,"[2385, 3837]"
1578247200,"[2529, 3936]"
1578250800,"[2705, 4057]"
1578254400,"[2937, 4247]"
1578258000,"[3190, 4400]"
1578261600,"[3305, 4444]"
1578265200,"[3229, 4260]"
1578268800,"[3134, 3933]"
1578272400,"[3016, 3523]"
1578276000,"[2714, 3146]"
1578279600,"[2497, 2969]"
1578283200,"[2333, 2771]"
1578286800,"[2179, 2647]"
1578290400,"[1991, 2578]"
1578294000,"[1783, 2504]"
1578297600,"[1617, 2413]"
1578301200,"[1503, 2281]"
1578304800,"[1404, 2191]"
1578308400,"[1292, 2064]"
1578312000,"[1173, 1937]"
1578315600,"[1051, 1776]"
1578319200,"[943, 1644]"
1578322800,"[825, 1517]"
1578326400,"[705, 1372]"
1578330000,"[668, 1223]"
1578333600,"[615, 1078]"
1578337200,"[498, 905]"
1578340800,"[348, 670]"
1578344400,"[232, 420]"
1578348000,"[148, 223]"
1578351600,"[102, 147]"
1578355200,"[91, 119]"
1578358800,"[87, 109]"
1578362400,"[87, 107]"
1578366000,"[89, 110]"
1578369600,"[92, 113]"
1578373200,"[95, 117]"
1578376800,"[96, 119]"
1578380400,"[98, 120]"
1578384000,"[99, 121]"
1578387600,"[100, 122]"
1578391200,"[102, 124]"
1578394800,"[104, 126]"
1578398400,"[106, 125]"
1578402000,"[106, 125]"
1578405600,"[106, 123]"
1578409200,"[106, 121]"
1578412800,"[105, 120]"
1578416400,"[105, 119]"
1578420000,"[105, 119]"
1578423600,"[105, 120]"
1578427200,"[108, 123]"
1578430800,"[110, 144]"
1578434400,"[123, 177]"
1578438000,"[142, 203]"
1578441600,"[168, 226]"
1578445200,"[187, 245]"
1578448800,"[204, 261]"
1578452400,"[222, 276]"
1578456000,"[240, 292]"
1578459600,"[258, 310]"
1578463200,"[274, 328]"
1578466800,"[291, 347]"
1578470400,"[308, 365]"
1578474000,"[322, 378]"
1578477600,"[341, 398]"
1578481200,"[347, 410]"
1578484800,"[352, 416]"
1578488400,"[362, 362]"
1578492000,"[363, 427]"
1578495600,"[366, 430]"
1578499200,"[368, 436]"
1578502800,"[377, 463]"
1578506400,"[396, 498]"
1578510000,"[409, 535]"
1578513600,"[413, 560]"
1578517200,"[431, 575]"
1578520800,"[442, 572]"
1578524400,"[433, 563]"
1578528000,"[423, 550]"
1578531600,"[414, 541]"
1578535200,"[403, 533]"
1578538800,"[386, 526]"
1578542400,"[367, 518]"
1578546000,"[352, 509]"
1578549600,"[335, 508]"
1578553200,"[315, 506]"
1578556800,"[295, 504]"
1578560400,"[279, 507]"
1578564000,"[266, 501]"
1578567600,"[254, 502]"
1578571200,"[252, 487]"
1578574800,"[250, 473]"
1578578400,"[238, 466]"
1578582000,"[228, 460]"
1578585600,"[219, 447]"
1578589200,"[212, 407]"
1578592800,"[204, 354]"
1578596400,"[197, 296]"
1578600000,"[187, 252]"
1578603600,"[152, 198]"
1578607200,"[119, 154]"
1578610800,"[98, 129]"
1578614400,"[85, 114]"
1578618000,"[73, 99]"
1578621600,"[61, 83]"
1578625200,"[51, 67]"
1578628800,"[45, 51]"
1578632400,"[35, 43]"
1578636000,"[33, 39]"
1578639600,"[29, 36]"
1578643200,"[27, 36]"
1578646800,"[25, 36]"
1578650400,"[24, 37]"
1578654000,"[26, 38]"
1578657600,"[25, 39]"
1578661200,"[26, 40]"
1578664800,"[28, 43]"
1578668400,"[30, 44]"
1578672000,"[32, 45]"
1578675600,"[34, 47]"
1578679200,"[36, 49]"
1578682800,"[41, 51]"
1578686400,"[48, 54]"
1578690000,"[56, 58]"
1578693600,"[63, 65]"
1578697200,"[68, 85]"
1578700800,"[79, 114]"
1578704400,"[96, 156]"
1578708000,"[118, 206]"
1578711600,"[143, 219]"
1578715200,"[164, 220]"
1578718800,"[181, 226]"
1578722400,"[192, 237]"
1578726000,"[201, 241]"
1578729600,"[208, 243]"
1578733200,"[213, 242]"
1578736800,"[218, 242]"
1578740400,"[224, 249]"
1578744000,"[234, 256]"
1578747600,"[246, 266]"
1578751200,"[259, 277]"
1578754800,"[273, 292]"
1578758400,"[287, 308]"
1578762000,"[302, 323]"
1578765600,"[318, 350]"
1578769200,"[337, 378]"
1578772800,"[352, 391]"
1578776400,"[361, 397]"
1578780000,"[366, 396]"
1578783600,"[369, 383]"
1578787200,"[354, 369]"
1578790800,"[321, 352]"
1578794400,"[279, 333]"
1578798000,"[269, 309]"
1578801600,"[269, 289]"
1578805200,"[260, 274]"
1578808800,"[254, 268]"
1578812400,"[250, 267]"
1578816000,"[249, 266]"
1578819600,"[249, 263]"
1578823200,"[250, 269]"
1578826800,"[250, 289]"
1578830400,"[264, 305]"
1578834000,"[280, 317]"
1578837600,"[296, 326]"
1578841200,"[303, 333]"
1578844800,"[304, 340]"
1578848400,"[300, 344]"
1578852000,"[287, 343]"
1578855600,"[276, 342]"
1578859200,"[284, 353]"
1578862800,"[293, 373]"
1578866400,"[304, 387]"
1578870000,"[317, 397]"
1578873600,"[328, 408]"
1578877200,"[339, 422]"
1578880800,"[350, 438]"
1578884400,"[353, 452]"
1578888000,"[361, 467]"
1578891600,"[377, 481]"
1578895200,"[392, 493]"
1578898800,"[412, 503]"
1578902400,"[435, 514]"
1578906000,"[459, 531]"
1578909600,"[475, 523]"
1578913200,"[484, 502]"
1578916800,"[472, 479]"
1578920400,"[452, 458]"
1578924000,"[434, 441]"
1578927600,"[419, 427]"
1578931200,"[406, 415]"
1578934800,"[398, 405]"
1578938400,"[380, 394]"
1578942000,"[361, 382]"
1578945600,"[342, 366]"
1578949200,"[318, 349]"
1578952800,"[298, 332]"
1578956400,"[281, 317]"
1578960000,"[267, 304]"
1578963600,"[253, 291]"
1578967200,"[240, 280]"
1578970800,"[225, 271]"
1578974400,"[211, 261]"
1578978000,"[198, 250]"
1578981600,"[185, 238]"
1578985200,"[171, 224]"
1578988800,"[158, 209]"
1578992400,"[154, 191]"
1578996000,"[144, 172]"
1578999600,"[134, 157]"
1579003200,"[132, 146]"
1579006800,"[136, 139]"
1579010400,"[136, 143]"
1579014000,"[137, 152]"
1579017600,"[141, 163]"
1579021200,"[147, 172]"
1579024800,"[152, 173]"
1579028400,"[156, 179]"
1579032000,"[157, 181]"
1579035600,"[158, 188]"
1579039200,"[160, 197]"
1579042800,"[163, 208]"
1579046400,"[169, 218]"
1579050000,"[176, 227]"
1579053600,"[181, 235]"
1579057200,"[183, 239]"
1579060800,"[185, 242]"
1579064400,"[187, 246]"
1579068000,"[188, 250]"
1579071600,"[190, 254]"
1579075200,"[191, 257]"
1579078800,"[192, 258]"
1579082400,"[192, 259]"
1579086000,"[190, 257]"
1579089600,"[188, 252]"
1579093200,"[184, 245]"
1579096800,"[176, 232]"
1579100400,"[164, 216]"
1579104000,"[149, 198]"
1579107600,"[131, 183]"
1579111200,"[115, 178]"
1579114800,"[107, 171]"
1579118400,"[102, 166]"
1579122000,"[99, 156]"
1579125600,"[96, 146]"
1579129200,"[89, 134]"
1579132800,"[80, 127]"
1579136400,"[73, 130]"
1579140000,"[69, 132]"
1579143600,"[67, 137]"
1579147200,"[65, 149]"
1579150800,"[63, 165]"
1579154400,"[63, 181]"
1579158000,"[63, 198]"
1579161600,"[69, 216]"
1579165200,"[78, 229]"
1579168800,"[83, 239]"
1579172400,"[86, 244]"
1579176000,"[88, 245]"
1579179600,"[89, 245]"
1579183200,"[90, 244]"
1579186800,"[89, 243]"
1579190400,"[88, 244]"
1579194000,"[87, 244]"
1579197600,"[87, 237]"
1579201200,"[88, 235]"
1579204800,"[88, 235]"
1579208400,"[89, 236]"
1579212000,"[89, 239]"
1579215600,"[89, 248]"
1579219200,"[91, 256]"
1579222800,"[95, 253]"
1579226400,"[101, 249]"
1579230000,"[108, 246]"
1579233600,"[115, 240]"
1579237200,"[122, 230]"
1579240800,"[131, 220]"
1579244400,"[139, 206]"
1579248000,"[148, 188]"
1579251600,"[156, 175]"
1579255200,"[164, 172]"
1579258800,"[165, 180]"
1579262400,"[168, 188]"
1579266000,"[173, 199]"
1579269600,"[177, 211]"
1579273200,"[181, 222]"
1579276800,"[182, 230]"
1579280400,"[181, 235]"
1579284000,"[179, 234]"
1579287600,"[176, 232]"
1579291200,"[171, 228]"
1579294800,"[167, 223]"
1579298400,"[162, 219]"
1579302000,"[153, 215]"
1579305600,"[140, 209]"
1579309200,"[129, 203]"
1579312800,"[121, 197]"
1579316400,"[111, 190]"
1579320000,"[100, 180]"
1579323600,"[88, 166]"
1579327200,"[76, 151]"
1579330800,"[68, 136]"
1579334400,"[63, 122]"
1579338000,"[59, 111]"
1579341600,"[55, 98]"
1579345200,"[50, 87]"
1579348800,"[44, 77]"
1579352400,"[36, 68]"
1579356000,"[33, 59]"
1579359600,"[31, 52]"
1579363200,"[31, 48]"
1579366800,"[31, 45]"
1579370400,"[36, 45]"
1579374000,"[43, 47]"
1579377600,"[49, 49]"
1579381200,"[52, 53]"
1579384800,"[54, 56]"
1579388400,"[56, 57]"
1579392000,"[57, 59]"
1579395600,"[59, 60]"
1579399200,"[59, 61]"
1579402800,"[60, 65]"
1579406400,"[62, 69]"
1579410000,"[62, 71]"
1579413600,"[63, 73]"
1579417200,"[64, 74]"
1579420800,"[65, 75]"
1579424400,"[63, 75]"
1579428000,"[60, 74]"
1579431600,"[57, 74]"
1579435200,"[55, 72]"
1579438800,"[52, 70]"
1579442400,"[51, 66]"
1579446000,"[49, 63]"
1579449600,"[46, 60]"
1579453200,"[42, 57]"
1579456800,"[34, 54]"
1579460400,"[30, 52]"
1579464000,"[27, 50]"
1579467600,"[26, 48]"
1579471200,"[26, 48]"
1579474800,"[28, 48]"
1579478400,"[28, 48]"
1579482000,"[27, 48]"
1579485600,"[26, 48]"
1579489200,"[25, 46]"
1579492800,"[25, 43]"
1579496400,"[26, 42]"
1579500000,"[26, 42]"
1579503600,"[26, 41]"
1579507200,"[24, 41]"
1579510800,"[26, 41]"
1579514400,"[27, 40]"
1579518000,"[29, 39]"
1579521600,"[30, 39]"
1579525200,"[33, 41]"
1579528800,"[28, 42]"
1579532400,"[28, 42]"
1579536000,"[27, 41]"
1579539600,"[27, 39]"
1579543200,"[27, 38]"
1579546800,"[27, 36]"
1579550400,"[25, 35]"
1579554000,"[24, 34]"
1579557600,"[23, 32]"
1579561200,"[22, 31]"
1579564800,"[24, 29]"
1579568400,"[24, 28]"
1579572000,"[23, 26]"
1579575600,"[22, 27]"
1579579200,"[21, 26]"
1579582800,"[21, 25]"
1579586400,"[20, 24]"
1579590000,"[18, 23]"
1579593600,"[18, 24]"
1579597200,"[16, 23]"
1579600800,"[14, 22]"
1579604400,"[14, 22]"
1579608000,"[14, 20]"
1579611600,"[11, 17]"
1579615200,"[12, 16]"
1579618800,"[12, 16]"
1579622400,"[12, 17]"
1579626000,"[12, 17]"
1579629600,"[11, 17]"
1579633200,"[12, 18]"
1579636800,"[13, 18]"
1579640400,"[12, 18]"
1579644000,"[12, 20]"
1579647600,"[13, 21]"
1579651200,"[15, 21]"
1579654800,"[15, 23]"
1579658400,"[16, 24]"
1579662000,"[17, 25]"
1579665600,"[18, 25]"
1579669200,"[19, 26]"
1579672800,"[19, 26]"
1579676400,"[20, 27]"
1579680000,"[20, 28]"
1579683600,"[20, 29]"
1579687200,"[20, 29]"
1579690800,"[21, 28]"
1579694400,"[22, 28]"
1579698000,"[21, 27]"
1579701600,"[20, 27]"
1579705200,"[20, 27]"
1579708800,"[20, 28]"
1579712400,"[19, 29]"
1579716000,"[19, 28]"
1579719600,"[17, 28]"
1579723200,"[16, 28]"
1579726800,"[16, 29]"
1579730400,"[16, 30]"
1579734000,"[16, 30]"
1579737600,"[16, 31]"
1579741200,"[17, 31]"
1579744800,"[17, 29]"
1579748400,"[17, 29]"
1579752000,"[18, 30]"
1579755600,"[17, 30]"
1579759200,"[17, 31]"
1579762800,"[17, 30]"
1579766400,"[17, 29]"
1579770000,"[17, 30]"
1579773600,"[19, 35]"
1579777200,"[25, 44]"
1579780800,"[31, 51]"
1579784400,"[37, 62]"
1579788000,"[42, 69]"
1579791600,"[44, 74]"
1579795200,"[50, 78]"
1579798800,"[55, 82]"
1579802400,"[59, 85]"
1579806000,"[60, 88]"
1579809600,"[61, 89]"
1579813200,"[62, 89]"
1579816800,"[64, 88]"
1579820400,"[65, 88]"
1579824000,"[65, 87]"
1579827600,"[66, 88]"
1579831200,"[67, 89]"
1579834800,"[69, 93]"
1579838400,"[71, 94]"
1579842000,"[74, 95]"
1579845600,"[77, 95]"
1579849200,"[79, 97]"
1579852800,"[82, 97]"
1579856400,"[85, 96]"
1579860000,"[85, 94]"
1579863600,"[81, 92]"
1579867200,"[78, 87]"
1579870800,"[72, 81]"
1579874400,"[68, 75]"
1579878000,"[64, 71]"
1579881600,"[60, 67]"
1579885200,"[55, 63]"
1579888800,"[52, 59]"
1579892400,"[51, 57]"
1579896000,"[50, 56]"
1579899600,"[50, 56]"
1579903200,"[46, 55]"
1579906800,"[45, 55]"
1579910400,"[48, 55]"
1579914000,"[50, 54]"
1579917600,"[50, 54]"
1579921200,"[49, 53]"
1579924800,"[48, 53]"
1579928400,"[48, 53]"
1579932000,"[48, 54]"
1579935600,"[49, 56]"
1579939200,"[50, 61]"
1579942800,"[53, 65]"
1579946400,"[55, 68]"
1579950000,"[58, 71]"
1579953600,"[60, 73]"
1579957200,"[61, 73]"
1579960800,"[62, 74]"
1579964400,"[62, 75]"
1579968000,"[63, 75]"
1579971600,"[63, 75]"
1579975200,"[65, 75]"
1579978800,"[67, 77]"
1579982400,"[68, 79]"
1579986000,"[70, 81]"
1579989600,"[72, 82]"
1579993200,"[74, 80]"
1579996800,"[72, 80]"
1580000400,"[73, 81]"
1580004000,"[75, 84]"
1580007600,"[73, 86]"
1580011200,"[71, 88]"
1580014800,"[69, 102]"
1580018400,"[69, 120]"
1580022000,"[69, 134]"
1580025600,"[70, 144]"
1580029200,"[70, 149]"
1580032800,"[68, 149]"
1580036400,"[67, 147]"
1580040000,"[65, 143]"
1580043600,"[62, 139]"
1580047200,"[61, 137]"
1580050800,"[60, 135]"
1580054400,"[59, 136]"
1580058000,"[57, 136]"
1580061600,"[53, 135]"
1580065200,"[51, 134]"
1580068800,"[48, 134]"
1580072400,"[47, 169]"
1580076000,"[50, 224]"
1580079600,"[64, 263]"
1580083200,"[84, 299]"
1580086800,"[103, 329]"
1580090400,"[121, 352]"
1580094000,"[136, 371]"
1580097600,"[149, 381]"
1580101200,"[164, 378]"
1580104800,"[176, 373]"
1580108400,"[186, 370]"
1580112000,"[195, 372]"
1580115600,"[203, 370]"
1580119200,"[211, 368]"
1580122800,"[218, 369]"
1580126400,"[225, 370]"
1580130000,"[230, 373]"
1580133600,"[233, 374]"
1580137200,"[232, 375]"
1580140800,"[233, 377]"
1580144400,"[234, 378]"
1580148000,"[236, 379]"
1580151600,"[239, 380]"
1580155200,"[240, 380]"
1580158800,"[239, 369]"
1580162400,"[241, 386]"
1580166000,"[240, 408]"
1580169600,"[229, 417]"
1580173200,"[221, 424]"
1580176800,"[216, 426]"
1580180400,"[210, 420]"
1580184000,"[202, 411]"
1580187600,"[189, 397]"
1580191200,"[177, 385]"
1580194800,"[164, 376]"
1580198400,"[158, 365]"
1580202000,"[153, 360]"
1580205600,"[147, 364]"
1580209200,"[143, 366]"
1580212800,"[141, 369]"
1580216400,"[141, 371]"
1580220000,"[142, 372]"
1580223600,"[144, 371]"
1580227200,"[145, 370]"
1580230800,"[143, 368]"
1580234400,"[142, 367]"
1580238000,"[141, 366]"
1580241600,"[139, 365]"
1580245200,"[139, 349]"
1580248800,"[134, 304]"
1580252400,"[127, 269]"
1580256000,"[121, 245]"
1580259600,"[113, 225]"
1580263200,"[106, 214]"
1580266800,"[101, 216]"
1580270400,"[98, 223]"
1580274000,"[98, 236]"
1580277600,"[99, 251]"
1580281200,"[102, 270]"
1580284800,"[99, 280]"
1580288400,"[97, 287]"
1580292000,"[97, 287]"
1580295600,"[95, 286]"
1580299200,"[94, 284]"
1580302800,"[93, 284]"
1580306400,"[96, 290]"
1580310000,"[99, 300]"
1580313600,"[105, 308]"
1580317200,"[113, 314]"
1580320800,"[120, 321]"
1580324400,"[126, 327]"
1580328000,"[132, 333]"
1580331600,"[136, 331]"
1580335200,"[138, 315]"
1580338800,"[137, 294]"
1580342400,"[134, 275]"
1580346000,"[133, 259]"
1580349600,"[129, 245]"
1580353200,"[126, 229]"
1580356800,"[123, 216]"
1580360400,"[119, 203]"
1580364000,"[114, 195]"
1580367600,"[109, 192]"
1580371200,"[107, 190]"
1580374800,"[107, 190]"
1580378400,"[105, 194]"
1580382000,"[106, 198]"
1580385600,"[108, 201]"
1580389200,"[110, 203]"
1580392800,"[110, 202]"
1580396400,"[109, 192]"
1580400000,"[106, 182]"
1580403600,"[101, 181]"
1580407200,"[96, 177]"
1580410800,"[92, 174]"
1580414400,"[88, 170]"
1580418000,"[86, 166]"
1580421600,"[86, 162]"
1580425200,"[88, 158]"
1580428800,"[93, 159]"
1580432400,"[98, 160]"
1580436000,"[104, 162]"
1580439600,"[108, 164]"
1580443200,"[113, 165]"
1580446800,"[118, 167]"
1580450400,"[123, 170]"
1580454000,"[126, 176]"
1580457600,"[130, 193]"
1580461200,"[135, 206]"
1580464800,"[137, 210]"
1580468400,"[136, 212]"
1580472000,"[130, 213]"
1580475600,"[126, 211]"
1580479200,"[123, 208]"
1580482800,"[120, 204]"
1580486400,"[117, 201]"
1580490000,"[115, 198]"
1580493600,"[113, 196]"
1580497200,"[111, 194]"
1580500800,"[109, 191]"
1580504400,"[108, 189]"
1580508000,"[106, 188]"
1580511600,"[103, 187]"
1580515200,"[99, 184]"
1580518800,"[94, 180]"
1580522400,"[90, 176]"
1580526000,"[86, 172]"
1580529600,"[81, 168]"
1580533200,"[77, 165]"
1580536800,"[73, 160]"
1580540400,"[69, 153]"
1580544000,"[66, 132]"
1580547600,"[62, 103]"
1580551200,"[57, 79]"
1580554800,"[54, 64]"
1580558400,"[52, 54]"
1580562000,"[51, 55]"
1580565600,"[52, 56]"
1580569200,"[53, 62]"
1580572800,"[56, 68]"
1580576400,"[59, 75]"
1580580000,"[62, 82]"
1580583600,"[66, 87]"
1580587200,"[71, 92]"
1580590800,"[75, 98]"
1580594400,"[78, 103]"
1580598000,"[81, 106]"
1580601600,"[84, 108]"
1580605200,"[88, 112]"
1580608800,"[92, 114]"
1580612400,"[95, 116]"
1580616000,"[98, 118]"
1580619600,"[101, 121]"
1580623200,"[104, 123]"
1580626800,"[106, 126]"
1580630400,"[107, 125]"
1580634000,"[108, 124]"
1580637600,"[106, 122]"
1580641200,"[104, 121]"
1580644800,"[105, 119]"
1580648400,"[105, 115]"
1580652000,"[104, 113]"
1580655600,"[102, 109]"
1580659200,"[99, 103]"
1580662800,"[95, 99]"
1580666400,"[89, 94]"
1580670000,"[83, 89]"
1580673600,"[79, 82]"
1580677200,"[73, 76]"
1580680800,"[66, 71]"
1580684400,"[62, 66]"
1580688000,"[57, 60]"
1580691600,"[52, 54]"
1580695200,"[45, 48]"
1580698800,"[39, 44]"
1580702400,"[34, 39]"
1580706000,"[30, 35]"
1580709600,"[25, 31]"
1580713200,"[23, 29]"
1580716800,"[21, 25]"
1580720400,"[19, 24]"
1580724000,"[20, 24]"
1580727600,"[20, 24]"
1580731200,"[18, 25]"
1580734800,"[15, 27]"
1580738400,"[12, 26]"
1580749200,"[10, 25]"
1580752800,"[10, 25]"
1580756400,"[10, 26]"
1580760000,"[21, 40]"
1580763600,"[48, 64]"
1580767200,"[52, 98]"
1580770800,"[54, 121]"
1580774400,"[58, 146]"
1580778000,"[60, 168]"
1580781600,"[60, 188]"
1580785200,"[60, 202]"
1580788800,"[60, 213]"
1580792400,"[61, 222]"
1580796000,"[61, 233]"
1580799600,"[62, 240]"
1580803200,"[69, 243]"
1580806800,"[76, 247]"
1580810400,"[82, 253]"
1580814000,"[91, 256]"
1580817600,"[101, 260]"
1580821200,"[111, 266]"
1580824800,"[120, 275]"
1580828400,"[130, 282]"
1580832000,"[134, 288]"
1580835600,"[138, 291]"
1580839200,"[141, 295]"
1580842800,"[133, 301]"
1580846400,"[121, 298]"
1580850000,"[114, 271]"
1580853600,"[113, 240]"
1580857200,"[113, 220]"
1580860800,"[111, 200]"
1580864400,"[112, 181]"
1580868000,"[115, 166]"
1580871600,"[117, 153]"
1580875200,"[120, 145]"
1580878800,"[121, 144]"
1580882400,"[123, 143]"
1580886000,"[122, 139]"
1580889600,"[118, 132]"
1580893200,"[113, 122]"
1580896800,"[108, 115]"
1580900400,"[101, 112]"
1580904000,"[97, 110]"
1580907600,"[96, 108]"
1580911200,"[92, 104]"
1580914800,"[89, 106]"
1580918400,"[92, 128]"
1580922000,"[98, 150]"
1580925600,"[105, 156]"
1580929200,"[110, 154]"
1580932800,"[111, 156]"
1580936400,"[111, 157]"
1580940000,"[111, 155]"
1580943600,"[110, 152]"
1580947200,"[109, 153]"
1580950800,"[108, 154]"
1580954400,"[106, 155]"
1580958000,"[105, 155]"
1580961600,"[104, 154]"
1580965200,"[103, 153]"
1580968800,"[103, 153]"
1580972400,"[103, 153]"
1580976000,"[102, 154]"
1580979600,"[102, 155]"
1580983200,"[102, 155]"
1580986800,"[102, 152]"
1580990400,"[100, 147]"
1580994000,"[97, 138]"
1580997600,"[93, 127]"
1581001200,"[88, 113]"
1581004800,"[78, 87]"
1581008400,"[62, 66]"
1581012000,"[45, 54]"
1581015600,"[38, 47]"
1581019200,"[34, 42]"
1581022800,"[31, 40]"
1581026400,"[29, 41]"
1581030000,"[28, 41]"
1581033600,"[27, 39]"
1581037200,"[25, 34]"
1581040800,"[22, 29]"
1581044400,"[20, 25]"
1581048000,"[18, 23]"
1581051600,"[16, 21]"
1581055200,"[14, 18]"
1581058800,"[12, 18]"
1581062400,"[10, 20]"
1581066000,"[8, 24]"
1581069600,"[7, 29]"
1581073200,"[6, 30]"
1581076800,"[5, 31]"
1581080400,"[5, 31]"
1581084000,"[6, 31]"
1581087600,"[6, 26]"
1581091200,"[6, 25]"
1581094800,"[6, 24]"
1581098400,"[6, 25]"
1581102000,"[6, 26]"
1581105600,"[5, 25]"
1581109200,"[5, 28]"
1581112800,"[5, 26]"
1581116400,"[5, 25]"
1581120000,"[5, 24]"
1581123600,"[5, 25]"
1581127200,"[5, 25]"
1581130800,"[4, 26]"
1581134400,"[5, 25]"
1581138000,"[5, 25]"
1581141600,"[5, 25]"
1581145200,"[5, 23]"
1581148800,"[5, 17]"
1581152400,"[5, 16]"
1581156000,"[5, 14]"
1581159600,"[6, 13]"
1581163200,"[5, 14]"
1581166800,"[4, 14]"
1581170400,"[3, 14]"
1581174000,"[4, 13]"
1581177600,"[5, 13]"
1581181200,"[5, 12]"
1581184800,"[5, 10]"
1581188400,"[6, 9]"
1581192000,"[6, 8]"
1581195600,"[3, 8]"
1581199200,"[5, 8]"
1581202800,"[6, 9]"
1581206400,"[6, 9]"
1581210000,"[6, 9]"
1581213600,"[6, 9]"
1581217200,"[6, 8]"
1581220800,"[6, 8]"
1581224400,"[4, 7]"
1581228000,"[4, 10]"
1581231600,"[6, 13]"
1581235200,"[6, 14]"
1581238800,"[7, 13]"
1581242400,"[7, 12]"
1581246000,"[8, 12]"
1581249600,"[10, 12]"
1581253200,"[10, 12]"
1581256800,"[10, 13]"
1581260400,"[11, 13]"
1581264000,"[10, 14]"
1581267600,"[11, 12]"
1581271200,"[10, 12]"
1581274800,"[9, 11]"
1581278400,"[9, 11]"
1581282000,"[8, 11]"
1581285600,"[8, 11]"
1581289200,"[8, 10]"
1581292800,"[6, 11]"
1581296400,"[5, 10]"
1581300000,"[4, 10]"
1581303600,"[4, 10]"
1581307200,"[5, 11]"
1581310800,"[5, 11]"
1581314400,"[4, 11]"
1581318000,"[0, 10]"
1581321600,"[0, 10]"
1581325200,"[0, 11]"
1581328800,"[0, 12]"
1581332400,"[0, 12]"
1581336000,"[0, 12]"
1581339600,"[0, 11]"
1581343200,"[0, 10]"
1581346800,"[0, 10]"
1581350400,"[0, 10]"
1581354000,"[1, 10]"
1581357600,"[2, 11]"
1581361200,"[4, 11]"
1581364800,"[3, 11]"
1581368400,"[4, 12]"
1581372000,"[5, 13]"
1581375600,"[6, 14]"
1581379200,"[8, 14]"
1581382800,"[9, 14]"
1581386400,"[10, 14]"
1581390000,"[10, 16]"
1581393600,"[12, 17]"
1581397200,"[13, 18]"
1581400800,"[14, 20]"
1581404400,"[14, 21]"
1581408000,"[14, 22]"
1581411600,"[14, 23]"
1581415200,"[12, 21]"
1581418800,"[11, 21]"
1581422400,"[12, 21]"
1581426000,"[12, 25]"
1581429600,"[12, 24]"
1581433200,"[13, 24]"
1581436800,"[14, 25]"
1581440400,"[14, 26]"
1581444000,"[16, 27]"
1581447600,"[17, 28]"
1581451200,"[18, 27]"
1581454800,"[18, 27]"
1581458400,"[18, 27]"
1581462000,"[17, 27]"
1581465600,"[17, 28]"
1581469200,"[17, 27]"
1581472800,"[17, 26]"
1581476400,"[18, 26]"
1581480000,"[18, 26]"
1581483600,"[19, 26]"
1581487200,"[19, 25]"
1581490800,"[19, 26]"
1581494400,"[20, 26]"
1581498000,"[21, 25]"
1581501600,"[23, 29]"
1581505200,"[24, 31]"
1581508800,"[24, 33]"
1581512400,"[22, 35]"
1581516000,"[23, 35]"
1581519600,"[24, 32]"
1581523200,"[24, 31]"
1581526800,"[24, 30]"
1581530400,"[22, 28]"
1581534000,"[20, 29]"
1581537600,"[19, 29]"
1581541200,"[18, 29]"
1581544800,"[18, 27]"
1581548400,"[18, 26]"
1581552000,"[18, 25]"
1581555600,"[19, 25]"
1581559200,"[20, 26]"
1581562800,"[20, 25]"
1581566400,"[19, 26]"
1581570000,"[19, 27]"
1581573600,"[18, 26]"
1581577200,"[18, 25]"
1581580800,"[17, 25]"
1581584400,"[16, 24]"
1581588000,"[16, 23]"
1581591600,"[15, 22]"
1581595200,"[14, 21]"
1581598800,"[12, 18]"
1581602400,"[11, 14]"
1581606000,"[10, 13]"
1581609600,"[10, 15]"
1581613200,"[11, 15]"
1581616800,"[12, 17]"
1581620400,"[12, 15]"
1581624000,"[11, 15]"
1581627600,"[11, 15]"
1581631200,"[10, 15]"
1581634800,"[10, 15]"
1581638400,"[12, 14]"
1581642000,"[12, 13]"
1581645600,"[11, 12]"
1581649200,"[9, 12]"
1581652800,"[7, 12]"
1581656400,"[5, 12]"
1581660000,"[5, 12]"
1581663600,"[6, 12]"
1581667200,"[6, 12]"
1581670800,"[7, 12]"
1581674400,"[7, 12]"
1581678000,"[4, 10]"
1581681600,"[1, 10]"
1581685200,"[2, 10]"
1581688800,"[4, 11]"
1581692400,"[6, 11]"
1581696000,"[5, 11]"
1581699600,"[6, 11]"
1581703200,"[7, 12]"
1581706800,"[6, 11]"
1581710400,"[7, 13]"
1581714000,"[8, 13]"
1581717600,"[9, 14]"
1581721200,"[10, 15]"
1581724800,"[11, 17]"
1581728400,"[12, 17]"
1581732000,"[13, 16]"
1581735600,"[13, 15]"
1581739200,"[14, 17]"
1581742800,"[14, 20]"
1581746400,"[15, 21]"
1581750000,"[15, 20]"
1581753600,"[16, 20]"
1581757200,"[15, 20]"
1581760800,"[14, 22]"
1581764400,"[17, 26]"
1581768000,"[20, 28]"
1581771600,"[21, 29]"
1581775200,"[22, 31]"
1581778800,"[22, 31]"
1581782400,"[22, 30]"
1581786000,"[21, 28]"
1581789600,"[22, 28]"
1581793200,"[21, 29]"
1581796800,"[21, 28]"
1581800400,"[22, 28]"
1581804000,"[23, 28]"
1581807600,"[23, 28]"
1581811200,"[21, 27]"
1581814800,"[18, 26]"
1581818400,"[19, 25]"
1581822000,"[19, 25]"
1581825600,"[18, 24]"
1581829200,"[17, 23]"
1581832800,"[16, 22]"
1581836400,"[15, 21]"
1581840000,"[15, 21]"
1581843600,"[14, 19]"
1581847200,"[13, 16]"
1581854400,"[13, 14]"
1581858000,"[11, 13]"
1581861600,"[10, 12]"
1581865200,"[10, 12]"
1581868800,"[9, 13]"
1581872400,"[9, 13]"
1581876000,"[7, 13]"
1581879600,"[7, 13]"
1581883200,"[6, 13]"
1581886800,"[6, 13]"
1581890400,"[5, 12]"
1581894000,"[4, 11]"
1581897600,"[6, 11]"
1581901200,"[6, 11]"
1581904800,"[6, 11]"
1581908400,"[6, 11]"
1581912000,"[5, 10]"
1581915600,"[6, 10]"
1581919200,"[6, 10]"
1581922800,"[5, 10]"
1581926400,"[5, 10]"
1581930000,"[4, 11]"
1581933600,"[3, 12]"
1581937200,"[0, 12]"
1581940800,"[0, 13]"
1581944400,"[0, 13]"
1581948000,"[0, 12]"
1581951600,"[0, 12]"
1581955200,"[0, 11]"
1581958800,"[0, 12]"
1581962400,"[0, 13]"
1581966000,"[0, 14]"
1581969600,"[0, 14]"
1581973200,"[0, 14]"
1581976800,"[2, 15]"
1581980400,"[3, 15]"
1581984000,"[4, 16]"
1581987600,"[5, 16]"
1581991200,"[5, 17]"
1581994800,"[6, 17]"
1581998400,"[6, 17]"
1582002000,"[5, 18]"
1582005600,"[4, 18]"
1582009200,"[6, 19]"
1582012800,"[8, 20]"
1582016400,"[10, 20]"
1582020000,"[12, 20]"
1582023600,"[13, 20]"
1582027200,"[13, 20]"
1582030800,"[14, 21]"
1582034400,"[13, 21]"
1582038000,"[14, 22]"
1582041600,"[14, 22]"
1582045200,"[13, 22]"
1582048800,"[11, 20]"
1582052400,"[11, 19]"
1582056000,"[10, 19]"
1582059600,"[9, 18]"
1582063200,"[9, 20]"
1582066800,"[12, 23]"
1582070400,"[14, 26]"
1582074000,"[15, 25]"
1582077600,"[15, 24]"
1582081200,"[15, 23]"
1582084800,"[17, 23]"
1582088400,"[17, 21]"
1582092000,"[17, 21]"
1582095600,"[16, 21]"
1582099200,"[14, 20]"
1582102800,"[13, 20]"
1582106400,"[12, 21]"
1582110000,"[9, 21]"
1582113600,"[9, 22]"
1582117200,"[12, 22]"
1582120800,"[14, 21]"
1582124400,"[13, 21]"
1582128000,"[11, 21]"
1582135200,"[10, 22]"
1582138800,"[10, 22]"
1582142400,"[10, 22]"
1582146000,"[10, 22]"
1582149600,"[7, 21]"
1582153200,"[4, 20]"
1582156800,"[4, 18]"
1582160400,"[6, 17]"
1582164000,"[7, 17]"
1582167600,"[8, 17]"
1582171200,"[9, 17]"
1582174800,"[9, 17]"
1582178400,"[10, 18]"
1582182000,"[10, 18]"
1582185600,"[11, 18]"
1582189200,"[11, 19]"
1582192800,"[9, 19]"
1582196400,"[10, 19]"
1582200000,"[11, 18]"
1582203600,"[14, 17]"
1582207200,"[13, 16]"
1582210800,"[10, 15]"
1582214400,"[11, 15]"
1582218000,"[11, 16]"
1582221600,"[12, 16]"
1582225200,"[13, 16]"
1582228800,"[14, 16]"
1582232400,"[13, 16]"
1582236000,"[14, 16]"
1582239600,"[14, 17]"
1582243200,"[14, 18]"
1582246800,"[14, 19]"
1582250400,"[14, 19]"
1582254000,"[14, 20]"
1582257600,"[15, 20]"
1582261200,"[15, 20]"
1582264800,"[15, 21]"
1582268400,"[16, 22]"
1582272000,"[16, 22]"
1582275600,"[18, 23]"
1582279200,"[20, 23]"
1582282800,"[22, 24]"
1582286400,"[23, 25]"
1582290000,"[20, 25]"
1582293600,"[22, 26]"
1582297200,"[25, 26]"
1582300800,"[24, 26]"
1582304400,"[24, 26]"
1582308000,"[24, 26]"
1582311600,"[23, 25]"
1582315200,"[23, 26]"
1582318800,"[24, 26]"
1582322400,"[24, 26]"
1582326000,"[24, 25]"
1582329600,"[23, 24]"
1582333200,"[21, 24]"
1582336800,"[21, 25]"
1582340400,"[20, 26]"
1582344000,"[19, 26]"
1582347600,"[19, 25]"
1582351200,"[18, 23]"
1582354800,"[18, 20]"
1582358400,"[17, 18]"
1582362000,"[16, 17]"
1582365600,"[15, 17]"
1582369200,"[13, 18]"
1582372800,"[13, 19]"
1582376400,"[13, 19]"
1582380000,"[11, 19]"
1582383600,"[12, 19]"
1582387200,"[11, 21]"
1582390800,"[11, 20]"
1582394400,"[11, 21]"
1582398000,"[12, 22]"
1582401600,"[11, 22]"
1582405200,"[11, 20]"
1582408800,"[11, 21]"
1582412400,"[12, 23]"
1582416000,"[13, 24]"
1582419600,"[14, 23]"
1582423200,"[14, 19]"
1582426800,"[14, 17]"
1582430400,"[14, 17]"
1582434000,"[13, 17]"
1582437600,"[12, 19]"
1582441200,"[13, 21]"
1582444800,"[13, 21]"
1582448400,"[13, 20]"
1582452000,"[15, 20]"
1582455600,"[14, 19]"
1582459200,"[15, 19]"
1582462800,"[15, 20]"
1582466400,"[16, 21]"
1582470000,"[15, 23]"
1582473600,"[15, 22]"
1582477200,"[15, 22]"
1582480800,"[16, 20]"
1582484400,"[16, 19]"
1582488000,"[16, 19]"
1582491600,"[16, 21]"
1582495200,"[16, 21]"
1582498800,"[17, 21]"
1582502400,"[17, 22]"
1582506000,"[17, 23]"
1582509600,"[16, 24]"
1582513200,"[17, 26]"
1582516800,"[17, 27]"
1582520400,"[18, 26]"
1582524000,"[18, 26]"
1582527600,"[19, 27]"
1582531200,"[19, 28]"
1582534800,"[20, 28]"
1582538400,"[20, 26]"
1582542000,"[21, 24]"
1582545600,"[22, 24]"
1582549200,"[22, 24]"
1582552800,"[23, 24]"
1582556400,"[22, 24]"
1582560000,"[21, 24]"
1582563600,"[20, 26]"
1582567200,"[21, 28]"
1582570800,"[23, 27]"
1582574400,"[24, 27]"
1582578000,"[25, 26]"
1582581600,"[24, 26]"
1582585200,"[22, 26]"
1582588800,"[21, 25]"
1582592400,"[20, 25]"
1582596000,"[21, 26]"
1582599600,"[22, 26]"
1582603200,"[22, 26]"
1582606800,"[22, 26]"
1582610400,"[22, 26]"
1582614000,"[21, 26]"
1582617600,"[21, 27]"
1582621200,"[22, 26]"
1582624800,"[22, 25]"
1582628400,"[21, 27]"
1582632000,"[21, 27]"
1582635600,"[20, 27]"
1582639200,"[19, 28]"
1582642800,"[20, 27]"
1582646400,"[22, 25]"
1582650000,"[22, 24]"
1582653600,"[21, 22]"
1582657200,"[20, 23]"
1582660800,"[18, 22]"
1582668000,"[16, 26]"
1582671600,"[17, 28]"
1582675200,"[18, 30]"
1582678800,"[19, 29]"
1582682400,"[18, 28]"
1582686000,"[18, 27]"
1582689600,"[18, 28]"
1582693200,"[18, 28]"
1582696800,"[18, 26]"
1582700400,"[18, 26]"
1582704000,"[18, 25]"
1582707600,"[18, 25]"
1582711200,"[18, 23]"
1582714800,"[18, 22]"
1582718400,"[19, 21]"
1582722000,"[20, 22]"
1582725600,"[20, 23]"
1582729200,"[19, 23]"
1582732800,"[19, 25]"
1582736400,"[18, 26]"
1582740000,"[18, 26]"
1582743600,"[17, 28]"
1582747200,"[17, 28]"
1582750800,"[16, 27]"
1582754400,"[16, 26]"
1582758000,"[16, 25]"
1582761600,"[16, 23]"
1582765200,"[16, 22]"
1582768800,"[16, 22]"
1582772400,"[14, 22]"
1582776000,"[14, 21]"
1582779600,"[14, 20]"
1582783200,"[15, 20]"
1582786800,"[16, 23]"
1582790400,"[17, 25]"
1582794000,"[17, 28]"
1582797600,"[16, 30]"
1582801200,"[14, 31]"
1582804800,"[15, 30]"
1582808400,"[16, 29]"
1582812000,"[16, 29]"
1582815600,"[16, 29]"
1582819200,"[16, 26]"
1582822800,"[15, 24]"
1582826400,"[16, 23]"
1582830000,"[16, 23]"
1582833600,"[15, 24]"
1582837200,"[15, 25]"
1582840800,"[15, 26]"
1582844400,"[16, 25]"
1582848000,"[16, 26]"
1582851600,"[16, 28]"
1582855200,"[16, 28]"
1582858800,"[16, 28]"
1582862400,"[15, 27]"
1582866000,"[15, 27]"
1582869600,"[14, 26]"
1582873200,"[14, 26]"
1582876800,"[13, 25]"
1582880400,"[13, 24]"
1582884000,"[15, 24]"
1582887600,"[16, 22]"
1582891200,"[16, 22]"
1582894800,"[16, 22]"
1582898400,"[16, 20]"
1582902000,"[17, 21]"
1582905600,"[17, 24]"
1582909200,"[18, 25]"
1582912800,"[19, 25]"
1582916400,"[20, 24]"
1582920000,"[21, 23]"
1582923600,"[22, 25]"
1582927200,"[21, 27]"
1582930800,"[22, 27]"
1582934400,"[20, 27]"
1582938000,"[19, 28]"
1582941600,"[19, 29]"
1582945200,"[19, 29]"
1582948800,"[19, 30]"
1582952400,"[20, 30]"
1582956000,"[20, 31]"
1582959600,"[19, 31]"
1582963200,"[21, 31]"
1582966800,"[19, 31]"
1582970400,"[19, 31]"
1582974000,"[19, 30]"
1582977600,"[20, 30]"
1582981200,"[20, 30]"
1582984800,"[18, 31]"
1582988400,"[18, 31]"
1582992000,"[17, 31]"
